type,from,to
defined_in,571b2c18938b,a910f3587923
defined_in,7a6a399e9f23,a910f3587923
defined_in,1c223aef3b43,a910f3587923
defined_in,a7343282d8da,a910f3587923
defined_in,d87832344d09,a910f3587923
defined_in,af687226feb4,a910f3587923
defined_in,0f97e9e71cbf,a910f3587923
defined_in,e8b1702d1807,1aaec6a6ff54
defined_in,4b4d989c756d,1aaec6a6ff54
defined_in,2d8cea2a312c,1aaec6a6ff54
defined_in,003ae89b4819,1aaec6a6ff54
defined_in,764c898293f9,1aaec6a6ff54
defined_in,6cecd586036f,1aaec6a6ff54
defined_in,4df7a93b126b,1aaec6a6ff54
defined_in,e60033d995b8,1aaec6a6ff54
defined_in,7f72d68fe508,1aaec6a6ff54
defined_in,7fc23dd1b20f,1aaec6a6ff54
defined_in,4003b461d56d,1aaec6a6ff54
defined_in,4241036413c1,1aaec6a6ff54
defined_in,196f192b3a53,1ab7b1a5a7f9
defined_in,6faa2ebcfc25,1ab7b1a5a7f9
defined_in,c3a6298dd706,1ab7b1a5a7f9
defined_in,20b5a0b0b6c3,1ab7b1a5a7f9
defined_in,0065e68b2b18,1ab7b1a5a7f9
defined_in,3fa6c5fd8120,1ab7b1a5a7f9
defined_in,7a4ae6e999ca,1ab7b1a5a7f9
defined_in,78e49f5895cc,4e303aef7501
defined_in,7df890775660,abf1c3d1d71b
defined_in,9128ff30bf7e,abf1c3d1d71b
defined_in,a995e04d9b53,abf1c3d1d71b
defined_in,33ebcd86b875,abf1c3d1d71b
defined_in,e23375957af8,abf1c3d1d71b
defined_in,fb6b59e11111,abf1c3d1d71b
defined_in,51ce6dbaad19,4cd89beb8684
defined_in,79be54f200c7,4cd89beb8684
defined_in,62e932a5f524,4cd89beb8684
defined_in,0ff90aca25cb,9a60e92295b2
defined_in,eafaa7a12631,8b58f43817a9
defined_in,509978a8244f,8b58f43817a9
defined_in,71f132affabb,8b58f43817a9
defined_in,8553812e174b,8b58f43817a9
defined_in,a9a6c62ee000,2b0c3a2f56cd
defined_in,e79b6de63856,2b0c3a2f56cd
defined_in,5525bbf6a2aa,ef3eab96b4e2
defined_in,9c0215f2e7d7,ef3eab96b4e2
defined_in,86f977c90676,ef3eab96b4e2
defined_in,92639f961e56,ef3eab96b4e2
defined_in,30132e1d9186,ef3eab96b4e2
defined_in,3a27da4da26a,ef3eab96b4e2
defined_in,431a58e04a92,ef3eab96b4e2
defined_in,7edaea1fdd46,ef3eab96b4e2
defined_in,8a4c542e5cdc,ef3eab96b4e2
defined_in,434dd93423f7,ef3eab96b4e2
defined_in,741963825f68,ef3eab96b4e2
defined_in,86f977c90676,ef3eab96b4e2
defined_in,d45d3b33a1cb,ef3eab96b4e2
defined_in,7bba08d2c9dc,ef3eab96b4e2
defined_in,4123471fd81b,ef3eab96b4e2
defined_in,24336f3b7c06,ef3eab96b4e2
defined_in,7f15d4a0db42,ef3eab96b4e2
defined_in,2f6bae069b62,ef3eab96b4e2
defined_in,2ac90915dbe1,ef3eab96b4e2
defined_in,5e35f4fb2dad,ef3eab96b4e2
defined_in,c25e573c2fe3,ef3eab96b4e2
defined_in,64ef69b8f51b,ef3eab96b4e2
defined_in,3640cf3c39e1,ef3eab96b4e2
defined_in,29cf0707b33f,ee27e6fc0e5e
defined_in,849dbf42aad7,ee27e6fc0e5e
defined_in,b4d8e4c0b994,ee27e6fc0e5e
defined_in,10ce46e29072,ee27e6fc0e5e
defined_in,0a1cce3608e6,ee27e6fc0e5e
defined_in,6ccf51c8c0ff,ee27e6fc0e5e
defined_in,864ef2b32011,ee27e6fc0e5e
defined_in,b9b7e9c14af2,ee27e6fc0e5e
defined_in,f463f576c967,ee27e6fc0e5e
defined_in,aac4a28dbb1b,ee27e6fc0e5e
defined_in,ae6b58070521,ee27e6fc0e5e
defined_in,1a035279d35e,ee27e6fc0e5e
defined_in,80df792bbc4a,ee27e6fc0e5e
defined_in,b586709e53da,ee27e6fc0e5e
defined_in,15a97b0a2a90,152216624cf2
defined_in,3488282fa13f,152216624cf2
defined_in,40c9bfff9d86,152216624cf2
defined_in,622f419e2e11,152216624cf2
defined_in,84decc154056,f4ab676f3caf
defined_in,c09022cf8d2a,f4ab676f3caf
defined_in,cf33cb1709b3,f4ab676f3caf
defined_in,d28933b11010,f4ab676f3caf
defined_in,a5f6b60aef5f,f4ab676f3caf
defined_in,ec746aa65dd7,f4ab676f3caf
defined_in,50e79d73fcec,f4ab676f3caf
defined_in,364e2f5ef828,f4ab676f3caf
defined_in,3ee00691273c,f4ab676f3caf
defined_in,c0e6a47563b9,f4ab676f3caf
defined_in,4b7ce1a3aec4,f4ab676f3caf
defined_in,295450a00024,f4ab676f3caf
defined_in,92ad93adbd3e,f4ab676f3caf
defined_in,95ac69048579,f4ab676f3caf
defined_in,712617684405,f4ab676f3caf
defined_in,a6a370dae19e,f4ab676f3caf
defined_in,7acdd4804044,f4ab676f3caf
defined_in,5a1b3eec87dc,f4ab676f3caf
defined_in,fe60cfbd6858,f4ab676f3caf
defined_in,bbf487766c30,f4ab676f3caf
defined_in,98f9619f016b,f4ab676f3caf
defined_in,0326fe148a0a,f4ab676f3caf
defined_in,cf17dd16e655,f4ab676f3caf
defined_in,4cb22b6201fe,f4ab676f3caf
defined_in,13bb73a131b4,f4ab676f3caf
defined_in,87aa3035c128,3fba2cfcd5a4
defined_in,b36b52728d84,3fba2cfcd5a4
defined_in,2f07eba71ecd,3fba2cfcd5a4
defined_in,fd70b2b3145b,9bc114240ee1
defined_in,3d4f3193f49e,9bc114240ee1
defined_in,b2190880f95d,20d00d669634
defined_in,90d47e7b446c,20d00d669634
defined_in,f7ff51bab5ad,20d00d669634
defined_in,5aa61324227e,20d00d669634
defined_in,14c26e3c0751,20d00d669634
defined_in,d944dc1f93fd,20d00d669634
defined_in,99591e78e14a,20d00d669634
defined_in,d7a6aa88725d,529b8c44c96d
defined_in,bf5314458d80,cadde944f8c5
defined_in,6a81e369eb70,cadde944f8c5
defined_in,3fd4a98daee5,cadde944f8c5
defined_in,4a44af53225f,cadde944f8c5
defined_in,b2998911b198,cadde944f8c5
defined_in,d2411fd36733,cadde944f8c5
defined_in,6b0d3cf7fc36,9a9dc246c836
defined_in,0d746915493e,9a9dc246c836
defined_in,84769757fa6d,9a9dc246c836
defined_in,045ad0b61383,9a9dc246c836
defined_in,c0798322b09d,9a9dc246c836
defined_in,b5b28d3e4860,369d88b10c1e
defined_in,8642187afa87,369d88b10c1e
defined_in,28c2337a9b73,cc17f43e66f5
defined_in,2055793c7476,cc17f43e66f5
defined_in,a4d6c5d313cc,cc17f43e66f5
defined_in,f58ac6b1b9f8,cc17f43e66f5
defined_in,2e27104b9fb7,cc17f43e66f5
defined_in,1c8c2d012dbc,fc7bce50e7b0
defined_in,2369bbf69f73,56a895df4e10
defined_in,61969b7a8cda,56a895df4e10
defined_in,529625ed7225,56a895df4e10
defined_in,ceabd5b2294e,56a895df4e10
defined_in,062b26575f77,56a895df4e10
defined_in,d369d13d114a,56a895df4e10
defined_in,15e77f46850a,56a895df4e10
defined_in,6ba6d4319c17,56a895df4e10
defined_in,0e47ecf9fc7a,56a895df4e10
defined_in,bd31dddd4faa,56a895df4e10
defined_in,611a3193a7ec,b7474d54ad86
defined_in,dd447b148b74,b7474d54ad86
defined_in,98cc01a0e993,b7474d54ad86
defined_in,373f07077171,b7474d54ad86
defined_in,0aaea3b36552,b7474d54ad86
defined_in,44d6d7ce5fe5,b7474d54ad86
defined_in,1a27d015db0b,b7474d54ad86
defined_in,9cae6f504679,b7474d54ad86
defined_in,686b26b6e86f,b478a117fe98
defined_in,996e26466fb1,af3a20a069dc
defined_in,f6ee5481adf7,af3a20a069dc
defined_in,6fa7ba9c1d20,af3a20a069dc
defined_in,a9743bed8177,af3a20a069dc
defined_in,3d81ecf1a3f8,af3a20a069dc
defined_in,5c01a63e4ef6,af3a20a069dc
defined_in,202e8ac75040,af3a20a069dc
defined_in,747f941394f2,af3a20a069dc
defined_in,48502bd57006,af3a20a069dc
defined_in,ab2994fb5ce3,af3a20a069dc
defined_in,a114c329083f,af3a20a069dc
defined_in,2e3543e595b0,af3a20a069dc
defined_in,00b3cef8f45b,af3a20a069dc
defined_in,6f3a5547da6e,af3a20a069dc
defined_in,a5dff36b72c6,af3a20a069dc
defined_in,3a3c19d4decb,af3a20a069dc
defined_in,89f2718a1194,af3a20a069dc
defined_in,8c6d03403256,af3a20a069dc
defined_in,e087b1606631,af3a20a069dc
defined_in,527189e79255,af3a20a069dc
defined_in,779fbf59a80f,af3a20a069dc
defined_in,9001cc613834,af3a20a069dc
defined_in,9dc36535f070,af3a20a069dc
defined_in,3fc37655b2cb,95c21054bc70
defined_in,eecdfe2b9fe4,95c21054bc70
defined_in,b63feaaa5b6a,95c21054bc70
defined_in,60f9db3e1588,ffb1d0061d68
defined_in,b1b51c2ca40f,ffb1d0061d68
defined_in,b4c88d3f3c29,ffb1d0061d68
defined_in,168c3eee8bb2,ffb1d0061d68
defined_in,cc351b972f79,ffb1d0061d68
defined_in,48407f3694c1,ffb1d0061d68
defined_in,aac5526e4684,ffb1d0061d68
defined_in,a744b91de06a,33670c5e77fe
defined_in,46d896e1dff7,33670c5e77fe
defined_in,d350f1e350df,33670c5e77fe
defined_in,3fca7babc425,6035f832c6bd
defined_in,f9852fbcd89a,6035f832c6bd
defined_in,3b13aa95a37b,6035f832c6bd
defined_in,fd4cb45cb1e1,6035f832c6bd
defined_in,08c3f5611602,6035f832c6bd
defined_in,1c23fbf072c9,6035f832c6bd
defined_in,00de9c8bd60e,6035f832c6bd
defined_in,243c53e6ff1d,6035f832c6bd
defined_in,c943c24c7d4e,6035f832c6bd
defined_in,7c539b64e8e0,6035f832c6bd
defined_in,6170c9dd9313,6035f832c6bd
defined_in,e6d016ab81a0,6035f832c6bd
defined_in,f2a1c7d565e4,99fb2939c582
defined_in,be0dbcf9fff2,7ad2c4eb263b
defined_in,3b043078837c,7ad2c4eb263b
defined_in,2c8a74e3b31a,7ad2c4eb263b
defined_in,9ac212e1a55c,7ad2c4eb263b
defined_in,c472642b496d,7ad2c4eb263b
defined_in,427470f56aa0,7ad2c4eb263b
defined_in,f48bb94eadf5,7ad2c4eb263b
defined_in,403aeea1888c,7ad2c4eb263b
defined_in,be77f62232c5,bad43dbeed14
defined_in,997361338e8e,bad43dbeed14
defined_in,58cf11292057,bad43dbeed14
defined_in,bbae77143784,bad43dbeed14
defined_in,361d700fa39f,bad43dbeed14
defined_in,99361f8874f6,bad43dbeed14
defined_in,199df0fd08c1,249dddbee265
defined_in,f2d8e0f962d6,249dddbee265
defined_in,5e8103e43189,249dddbee265
defined_in,67ff9dba46b0,249dddbee265
defined_in,4c4aeb7f947b,249dddbee265
defined_in,84646383398e,249dddbee265
defined_in,71a181e80098,249dddbee265
defined_in,f9d581f88991,249dddbee265
defined_in,9421ec720488,249dddbee265
defined_in,d9a5950841f3,249dddbee265
defined_in,756f2d5e83e2,249dddbee265
defined_in,9542aad5c946,249dddbee265
defined_in,8f6c38e91171,249dddbee265
defined_in,b4656d3f5c92,249dddbee265
defined_in,3ce5f1725376,249dddbee265
defined_in,6ed20a7299c0,249dddbee265
defined_in,4437731301d3,249dddbee265
defined_in,2a6441dcb828,249dddbee265
defined_in,3ce5f1725376,249dddbee265
defined_in,c30ca5b885fc,4c48ac54ee12
defined_in,3f1f3571e781,4c48ac54ee12
defined_in,c44224874904,c29b696baa0e
defined_in,4c1132cb1556,c29b696baa0e
defined_in,593c84a47088,c29b696baa0e
defined_in,334e1b50de22,c29b696baa0e
defined_in,28f752cb5c46,c29b696baa0e
defined_in,04a2a1e70d8e,c29b696baa0e
defined_in,e157ceeae819,c29b696baa0e
defined_in,b00d6e425653,c29b696baa0e
defined_in,10582295c5bd,c29b696baa0e
defined_in,413f753f197f,c29b696baa0e
defined_in,5a2117ca23ea,c29b696baa0e
defined_in,593c84a47088,c29b696baa0e
defined_in,22c8dc1e193f,c29b696baa0e
defined_in,abd6d2be1ede,c29b696baa0e
defined_in,ff8e75d243d3,c29b696baa0e
defined_in,f194a8e38735,c29b696baa0e
defined_in,5f5d485b23fc,c29b696baa0e
defined_in,08c6ce8ae43b,c29b696baa0e
defined_in,445fffbdbf4f,c29b696baa0e
defined_in,c7f8057b2276,c29b696baa0e
defined_in,57b7859726bc,c29b696baa0e
defined_in,129742b6ff78,c29b696baa0e
defined_in,370572a22f30,c29b696baa0e
defined_in,1ba3308bd0f3,5431bb1cc585
defined_in,21d4e8e7c982,5431bb1cc585
defined_in,49594a06bb11,5431bb1cc585
defined_in,190a3feca587,5431bb1cc585
defined_in,4b96032c3825,5431bb1cc585
defined_in,463f1499ee5c,5431bb1cc585
defined_in,b77da19c52be,5431bb1cc585
defined_in,fc3210577374,5431bb1cc585
defined_in,f599b3ca3bb9,5431bb1cc585
defined_in,c9187fed9eff,5431bb1cc585
defined_in,2704ca4811bc,5431bb1cc585
defined_in,f591aa7498f0,5431bb1cc585
defined_in,32172d3d126e,5431bb1cc585
defined_in,77ee505f71d0,e360d28b6b6f
defined_in,e8afda17bfd6,e360d28b6b6f
defined_in,058628981a5a,e360d28b6b6f
defined_in,95d5b9533a9c,e360d28b6b6f
defined_in,71ed575a245d,e360d28b6b6f
defined_in,c31f1bee6707,e360d28b6b6f
defined_in,4c093d6a831b,e360d28b6b6f
defined_in,6210c68bf679,e360d28b6b6f
defined_in,438feea60750,bcf5b16f9874
defined_in,882ebd5606e3,bcf5b16f9874
defined_in,c7a7325ad989,bcf5b16f9874
defined_in,c9b036cad5ff,bcf5b16f9874
defined_in,6c372e80d096,bcf5b16f9874
defined_in,e8895fa8c096,bcf5b16f9874
defined_in,9a18ba9d8069,bcf5b16f9874
defined_in,4e7842d3cbed,bcf5b16f9874
defined_in,882ebd5606e3,bcf5b16f9874
defined_in,5c6ee6f6d58d,bcf5b16f9874
defined_in,2662018f07c6,bcf5b16f9874
defined_in,d34dca742d54,bcf5b16f9874
defined_in,55f6981bd0bf,bcf5b16f9874
defined_in,5a0213e68ca5,bcf5b16f9874
defined_in,22f94b6b102d,bcf5b16f9874
defined_in,59aea9546d64,bcf5b16f9874
defined_in,058318682a4c,bcf5b16f9874
defined_in,76b3c2d711be,bcf5b16f9874
defined_in,d6e0b461e501,a38f974c062c
defined_in,e590e93c7122,a38f974c062c
defined_in,914a87993355,a38f974c062c
defined_in,7a142944cf26,a38f974c062c
defined_in,2de7aa6c8ebe,a38f974c062c
defined_in,b9ca8c87f32e,a38f974c062c
defined_in,2b35f0563031,a38f974c062c
defined_in,d4386deb0be4,a38f974c062c
defined_in,b77a849d0331,a38f974c062c
defined_in,d8feebf02c61,a38f974c062c
defined_in,0d4021b2d6ee,0f3fa0d0a334
defined_in,cd9ade6aee49,0f3fa0d0a334
defined_in,f61da3af33f2,0f3fa0d0a334
defined_in,6c424a5d219a,0f3fa0d0a334
defined_in,a39b109e43e8,0f3fa0d0a334
defined_in,cb36bf3a5391,0f3fa0d0a334
defined_in,39835e4ff3cb,0f3fa0d0a334
defined_in,8397af28b1aa,0f3fa0d0a334
defined_in,fb99891f52d6,0f3fa0d0a334
defined_in,e30bcba40e48,0f3fa0d0a334
defined_in,f784dfd4558c,0f3fa0d0a334
defined_in,cd9ade6aee49,0f3fa0d0a334
defined_in,69b8678930eb,0f3fa0d0a334
defined_in,758dbad0a2eb,0f3fa0d0a334
defined_in,5e0a819ed8b3,d4766fb77215
defined_in,038ee76125f1,d4766fb77215
defined_in,9fabee54736b,d4766fb77215
defined_in,228161c77a44,d4766fb77215
defined_in,9da3c812d573,d4766fb77215
defined_in,4675ff81760c,d4766fb77215
defined_in,551bcabb3b8f,d4766fb77215
defined_in,c6ec6a8b2007,d4766fb77215
defined_in,afabc78c9091,d4766fb77215
defined_in,111e171d66a6,d4766fb77215
defined_in,71d190ab6135,d4766fb77215
defined_in,e6fdecb6dce7,d4766fb77215
defined_in,9988010e65b4,d4766fb77215
defined_in,25eda6eeb25b,d4766fb77215
defined_in,f1da3026aa30,913333209e90
defined_in,4c976057a437,913333209e90
defined_in,9ceda36146b6,58f4113f0359
defined_in,acf995a2f1ec,58f4113f0359
defined_in,eee263b42ac8,58f4113f0359
defined_in,07fc4d1a9261,58f4113f0359
defined_in,e1d31188ec91,58f4113f0359
defined_in,fb69ac237b12,58f4113f0359
defined_in,e3e19d3e2421,58f4113f0359
defined_in,6ec97baf54a2,58f4113f0359
defined_in,46f83401672d,58f4113f0359
defined_in,09f598f0c1d6,58f4113f0359
defined_in,fcb602426def,58f4113f0359
defined_in,2ae548fce99d,58f4113f0359
defined_in,a10021612258,58f4113f0359
defined_in,37fee2a8f57c,58f4113f0359
defined_in,c16a10c7dfa9,58f4113f0359
defined_in,aa4d6d4df69f,58f4113f0359
defined_in,a71f48ec6975,58f4113f0359
defined_in,54c2745e980e,58f4113f0359
defined_in,93263ea13a67,58f4113f0359
defined_in,6a090dcec40d,58f4113f0359
defined_in,c4f9a24b1bb8,58f4113f0359
defined_in,b1a20cb1c39f,58f4113f0359
defined_in,082addf6536f,006e8e330a65
defined_in,5e51b2141a4c,006e8e330a65
defined_in,5ec1995f06a3,b1964374fcb8
defined_in,e87bd1bbda32,b1964374fcb8
defined_in,c6474c24ba0f,9e2ff7bb8c02
defined_in,77f5df8794cb,9e2ff7bb8c02
defined_in,b2acea8b9a48,9e2ff7bb8c02
defined_in,df3a72a680b9,9e2ff7bb8c02
defined_in,a1a971807dbb,9e2ff7bb8c02
defined_in,e77450b16ed8,cf298d7890a8
defined_in,6949cffbbca2,cf298d7890a8
defined_in,021acf0c12de,8bcef5dfed19
defined_in,80dd62ea815e,8bcef5dfed19
defined_in,2412917a49af,8bcef5dfed19
defined_in,296feb43ae26,8bcef5dfed19
defined_in,580474cedb56,8bcef5dfed19
defined_in,7eac0e831b87,0093c75f74d0
defined_in,06bc0e4e0d1c,0093c75f74d0
defined_in,916ca817ff12,0093c75f74d0
defined_in,247a441a7945,0093c75f74d0
defined_in,9e45570c4e36,c54152cc76be
defined_in,9cd2f89372d2,c54152cc76be
defined_in,569192ac0796,c54152cc76be
defined_in,f8bf1cf98aee,c54152cc76be
defined_in,d5d47af7ca66,c54152cc76be
defined_in,d128e6e9bbdf,c54152cc76be
defined_in,70be5daba551,c54152cc76be
defined_in,f33b8e94d28b,c54152cc76be
defined_in,8dee1e5d2ff1,c54152cc76be
defined_in,3a5060fb4809,c54152cc76be
defined_in,bfa3edc7e2b6,c54152cc76be
defined_in,e78a3eba751f,c54152cc76be
defined_in,fb30a38b5726,bf9a359fba4d
defined_in,c9a08a18f2dd,bf9a359fba4d
defined_in,8accc7f1a404,bf9a359fba4d
defined_in,97371b37ca72,bf9a359fba4d
defined_in,9b9f4b2a8e92,bf9a359fba4d
defined_in,168c553a1219,bf9a359fba4d
defined_in,1527e4b54e6b,bf9a359fba4d
defined_in,201cdfcfbce7,19af96dab212
defined_in,7af1285d6bdd,4ab5d86b696c
defined_in,830946723a55,4ab5d86b696c
defined_in,d2191a34d2f4,4ab5d86b696c
defined_in,9c9a199b513f,4ab5d86b696c
defined_in,8e9cd81b34ee,4ab5d86b696c
defined_in,7bcb542042da,4ab5d86b696c
defined_in,fa168cd19896,4ab5d86b696c
defined_in,7abe0fbddf7f,4ab5d86b696c
defined_in,281a4b49053e,4ab5d86b696c
defined_in,c7bdbc5ff9e5,4ab5d86b696c
defined_in,c282ad4e9da3,8f5aa28af945
defined_in,37b5e9ace75c,8f5aa28af945
defined_in,f27f3a9c999c,8f5aa28af945
defined_in,765b6af9a7e7,8f5aa28af945
defined_in,b30a1c6435e3,8f5aa28af945
defined_in,7636531bca27,83adf3730541
defined_in,a2b6cc6c787a,83adf3730541
defined_in,643b8bd02852,83adf3730541
defined_in,00371067668b,83adf3730541
defined_in,60a29b990e22,bc8b5f737c76
defined_in,9881a5c73e38,bc8b5f737c76
defined_in,f398bb0a1f2e,bc8b5f737c76
defined_in,5b0fada5058a,bc8b5f737c76
defined_in,9881a5c73e38,bc8b5f737c76
defined_in,5dc025e53322,bc8b5f737c76
defined_in,23bbf2446f24,bc8b5f737c76
defined_in,9881a5c73e38,bc8b5f737c76
defined_in,23bbf2446f24,bc8b5f737c76
defined_in,9881a5c73e38,bc8b5f737c76
defined_in,23bbf2446f24,bc8b5f737c76
defined_in,9881a5c73e38,bc8b5f737c76
defined_in,5a313f5ec5cc,bc8b5f737c76
defined_in,b798fe669478,bc8b5f737c76
defined_in,c26aeca7dd38,bc8b5f737c76
defined_in,cc16c2ddf3af,bc8b5f737c76
defined_in,9b10eab13e77,04c2d9d73a5e
defined_in,7882b82d046c,04c2d9d73a5e
defined_in,f8df456c20b3,04c2d9d73a5e
defined_in,d1997cd75291,04c2d9d73a5e
defined_in,b7d0a8d3df7e,04c2d9d73a5e
defined_in,617c4585675a,04c2d9d73a5e
defined_in,61b56a20023b,04c2d9d73a5e
defined_in,2a72a7d4849c,04c2d9d73a5e
defined_in,a46e89e13a59,04c2d9d73a5e
defined_in,c88b03fdc560,04c2d9d73a5e
defined_in,240cce56f02f,04c2d9d73a5e
defined_in,eba620bfce35,04c2d9d73a5e
defined_in,758e60286098,04c2d9d73a5e
defined_in,f0d5d979afff,04c2d9d73a5e
defined_in,ef5a67ce0301,04c2d9d73a5e
defined_in,ea2a075c1c14,04c2d9d73a5e
defined_in,a8ec8a1e8b18,04c2d9d73a5e
defined_in,b2ebe2061a16,65f8489cc32c
defined_in,fc9d193a15a5,65f8489cc32c
defined_in,98e3663d9e63,65f8489cc32c
defined_in,828af76ab112,65f8489cc32c
defined_in,08f03e57b6cd,65f8489cc32c
defined_in,73967eb9011b,65f8489cc32c
defined_in,82f2ab78c75c,65f8489cc32c
defined_in,3869f8b61d23,65f8489cc32c
defined_in,654798c2ee29,65f8489cc32c
defined_in,8fdafd00c005,65f8489cc32c
defined_in,fe13403b353d,65f8489cc32c
defined_in,49f77ac9aebf,65f8489cc32c
defined_in,38e7245c8295,65f8489cc32c
defined_in,aee254123282,65f8489cc32c
defined_in,b9f63e21cdae,65f8489cc32c
defined_in,64c68d838bb1,65f8489cc32c
defined_in,bc4619f7b178,65f8489cc32c
defined_in,e1553b8148e4,65f8489cc32c
defined_in,d9564f43207b,65f8489cc32c
defined_in,dfe08a999e4c,65f8489cc32c
defined_in,e7e0d9f80c01,65f8489cc32c
defined_in,f1c78534ddcd,65f8489cc32c
defined_in,ca55d9271e44,9e4cb544d1a0
defined_in,3cf06c0acac3,180f70cbaba9
defined_in,ec91c3aa1b08,180f70cbaba9
defined_in,42db571bb4c5,180f70cbaba9
defined_in,a6797e1c46cf,180f70cbaba9
defined_in,bb4f9a70f4ba,180f70cbaba9
defined_in,a74033b2e031,180f70cbaba9
defined_in,5b3eabc0c0e2,180f70cbaba9
defined_in,857aef44ba9a,180f70cbaba9
defined_in,f896dd451f6d,5e05367dfef4
defined_in,56876615ca7d,5e05367dfef4
defined_in,adcb029bb48d,5e05367dfef4
defined_in,a3178f6abb9c,5e05367dfef4
defined_in,58c0c44bc44f,5e05367dfef4
defined_in,8bbe92e0e1cd,5e05367dfef4
defined_in,660b0f843d2a,5e05367dfef4
defined_in,8db806ad473d,5e05367dfef4
defined_in,7ae0128f8d3e,708b5fd40eb9
defined_in,a3ea481167cf,708b5fd40eb9
defined_in,1bed65a9f497,708b5fd40eb9
defined_in,1b20e5966554,708b5fd40eb9
defined_in,a382752bc483,708b5fd40eb9
defined_in,d5b6000bbd78,708b5fd40eb9
defined_in,a3ef4dded5fb,708b5fd40eb9
defined_in,9a2c8f4503d9,304af0d8765d
defined_in,3723d209d63a,304af0d8765d
defined_in,4ea96d30df1a,304af0d8765d
defined_in,aa68a7b5ecb8,304af0d8765d
defined_in,8c1c6709f76c,304af0d8765d
defined_in,f904b11ea1ac,304af0d8765d
defined_in,f5339bc1c17a,304af0d8765d
defined_in,04be4e10c329,304af0d8765d
defined_in,e7217eaa61e9,304af0d8765d
defined_in,91f8fb13a7ec,304af0d8765d
defined_in,101c898d05da,304af0d8765d
defined_in,5451661ee2c0,304af0d8765d
defined_in,8b97f5c9c016,304af0d8765d
defined_in,bee8e2444cb8,304af0d8765d
defined_in,f230247019a2,304af0d8765d
defined_in,0965530bff65,304af0d8765d
defined_in,e311fece08c9,304af0d8765d
defined_in,73f6aa96a0d1,304af0d8765d
defined_in,089bb731ac0f,6ec2f12f716c
defined_in,fe50aaaa69a4,6ec2f12f716c
defined_in,d7883b7b7074,6ec2f12f716c
defined_in,5b2c20423488,6ec2f12f716c
defined_in,b55bdaf4bacf,6ec2f12f716c
defined_in,8837874b8cf3,6ec2f12f716c
defined_in,abb969ba3747,6ec2f12f716c
defined_in,e04f42977f30,6ec2f12f716c
defined_in,f1f8fbcddb2d,6ec2f12f716c
defined_in,69b5b40aba4a,6ec2f12f716c
defined_in,563dfbff4172,6ec2f12f716c
defined_in,e246d88fe1f7,6ec2f12f716c
defined_in,aa1c3e4cb5f8,6ec2f12f716c
defined_in,ca5746dc7cd8,6ec2f12f716c
defined_in,1696c364a2f6,e3c4ad3bf945
defined_in,adcd62392635,e3c4ad3bf945
defined_in,3336b45143d8,c95a19e4c652
defined_in,a1a22375e44f,c95a19e4c652
defined_in,2ff6138c4085,c95a19e4c652
defined_in,2cadabf504f0,c95a19e4c652
defined_in,baac233a90af,c95a19e4c652
defined_in,40103a22a43e,c95a19e4c652
defined_in,b5c36de0adca,c95a19e4c652
defined_in,282bb4e49a13,c95a19e4c652
defined_in,477a57088f8a,c95a19e4c652
defined_in,2da7fadcfae4,c95a19e4c652
defined_in,a0715c0ce221,c95a19e4c652
defined_in,5ab22bf391b1,c95a19e4c652
defined_in,1a99f3d6c836,c95a19e4c652
defined_in,811d0453d09d,c95a19e4c652
defined_in,06c583c53841,c95a19e4c652
defined_in,73260701e8be,c95a19e4c652
defined_in,b961d08f15bf,c95a19e4c652
defined_in,c3db67225424,c95a19e4c652
defined_in,9df46d688f63,c95a19e4c652
defined_in,cd41ebd46271,c95a19e4c652
defined_in,752d408bbff3,c95a19e4c652
defined_in,eb2f8283a587,c95a19e4c652
defined_in,50f563a2ab13,c95a19e4c652
defined_in,de45ecb9e228,c95a19e4c652
defined_in,08210fe9d74e,c95a19e4c652
defined_in,9cc6ebb2d1ef,c95a19e4c652
defined_in,035228499242,c95a19e4c652
defined_in,653552f8fb6f,c95a19e4c652
defined_in,7015d8319846,9c83f15ee059
defined_in,79344d11881d,9c83f15ee059
defined_in,f9961e4d9bd7,9c83f15ee059
defined_in,938efbd72777,9c83f15ee059
defined_in,4eb5c52f1688,dac7210d15f6
defined_in,c0c0f12339c5,dac7210d15f6
defined_in,387929f837bb,4cc6fbd5a757
defined_in,30a673b7226e,4cc6fbd5a757
defined_in,c6dbe76fa17f,4cc6fbd5a757
defined_in,1c806e5e02c1,4cc6fbd5a757
defined_in,fb6fe32ba218,e6280905488c
defined_in,e06dc1e323ee,57ebbb0239f2
defined_in,f6559184f3c9,57ebbb0239f2
defined_in,822e27285c94,bd5fe13cfd63
defined_in,49b17f0ef22b,48516828f658
defined_in,1f43f4602e63,be2e11e86d4a
defined_in,cc2322f28d61,b8ae258cfda9
defined_in,c1cfaac6ed64,b8ae258cfda9
defined_in,5093b0a2ef59,b8ae258cfda9
defined_in,ec9a8012272d,b8ae258cfda9
defined_in,a95df0c8ae01,b8ae258cfda9
defined_in,8c9a327e0ca6,b8ae258cfda9
defined_in,93e8e5f4e53a,b8ae258cfda9
defined_in,1cc0a7651a82,b8ae258cfda9
defined_in,f5c9456df813,b8ae258cfda9
defined_in,4292b92bea1b,b8ae258cfda9
defined_in,c395dc5bf3e6,b8ae258cfda9
defined_in,7d5e4fed26df,95f1b122c1a5
defined_in,38cffa339044,95f1b122c1a5
defined_in,98ae024dc084,95f1b122c1a5
defined_in,62194993fe60,95f1b122c1a5
defined_in,b09881792a9d,95f1b122c1a5
defined_in,253d2c2e2d30,95f1b122c1a5
defined_in,7b844f0710e9,95f1b122c1a5
defined_in,df041a5c0d09,95f1b122c1a5
defined_in,4fab4abe18f1,95f1b122c1a5
defined_in,ffd2185b8bde,95f1b122c1a5
defined_in,649ac0c8b2cc,95f1b122c1a5
defined_in,d4d46593e3b9,95f1b122c1a5
defined_in,7daa6699895e,95f1b122c1a5
defined_in,4f9c6415aea6,95f1b122c1a5
defined_in,3c2507398a0e,95f1b122c1a5
defined_in,38cffa339044,95f1b122c1a5
defined_in,1612a82143c0,95f1b122c1a5
defined_in,321ff807484d,95f1b122c1a5
defined_in,9c39165d2916,30d48066eabd
defined_in,49466e2c7c28,30d48066eabd
defined_in,6806f9f0ceb6,30d48066eabd
defined_in,2b2f31c126c4,30d48066eabd
defined_in,361aa9ae7aa8,30d48066eabd
defined_in,43eb9c52b773,30d48066eabd
defined_in,2e510518a877,30d48066eabd
defined_in,72b6eee68340,30d48066eabd
defined_in,afdb9feaac40,30d48066eabd
